ユ訾榇,船,齑沥毳(gO),}L基,程蔼基,程C基,ΜL基,害^基,害^%,Θユq,挡衡基,ゼRP船计,程岢台味R基,程岢台谓婊,菌v程蔼基,菌v程C基
1998/7/21,TX,199809,8131,8131,8036,8045,-,-,208,8045,137,-,-,8131,8036
1998/7/21,TX,199810,-,-,-,-,-,-,-,7768,0,-,-,-,-
1998/7/21,TX,199812,-,-,-,-,-,-,-,8166,0,-,-,-,-
1998/7/21,TX,199903,8242,8242,8242,8242,-,-,3,8242,3,-,-,8242,8242
1998/7/21,TX,199906,-,-,-,-,-,-,-,8414,0,-,-,-,-
1998/7/22,TX,199809,7950,7950,7820,7870,-175,-2.18%,360,7870,279,-,-,8131,7820
1998/7/22,TX,199810,-,-,-,-,-,-,-,8009,0,-,-,-,-
1998/7/22,TX,199812,7910,7910,7875,7875,-291,-3.56%,2,7991,2,-,-,7910,7875
1998/7/22,TX,199903,8174,8174,8000,8000,-242,-2.94%,5,8067,7,-,-,8242,8000
1998/7/22,TX,199906,-,-,-,-,-,-,-,8239,0,-,-,-,-
1998/7/23,TX,199809,7830,7859,7802,7825,-45,-0.57%,190,7825,357,-,-,8131,7802
1998/7/23,TX,199810,-,-,-,-,-,-,-,7964,0,-,-,-,-
1998/7/23,TX,199812,7920,7920,7920,7920,-71,-0.89%,1,7946,3,-,-,7920,7875
1998/7/23,TX,199903,8100,8100,8010,8010,-57,-0.71%,5,8010,11,-,-,8242,8000
1998/7/23,TX,199906,-,-,-,-,-,-,-,8194,0,-,-,-,-
1998/7/24,TX,199809,7750,7835,7740,7835,10,0.13%,340,7835,420,-,-,8131,7740
1998/7/24,TX,199810,7770,7770,7770,7770,-194,-2.44%,1,7974,1,-,-,7770,7770
1998/7/24,TX,199812,7940,7940,7940,7940,-6,-0.08%,1,7956,4,-,-,7940,7875
1998/7/24,TX,199903,8020,8045,8015,8045,35,0.44%,8,8020,18,-,-,8242,8000
1998/7/24,TX,199906,-,-,-,-,-,-,-,8204,0,-,-,-,-
1998/7/27,TX,199809,7830,7835,7780,7786,-49,-0.63%,150,7786,466,-,-,8131,7740
1998/7/27,TX,199810,-,-,-,-,-,-,-,7925,1,-,-,7770,7770
1998/7/27,TX,199812,-,-,-,-,-,-,-,7907,4,-,-,7940,7875
1998/7/27,TX,199903,8015,8020,8013,8013,-7,-0.09%,4,8015,22,-,-,8242,8000
1998/7/27,TX,199906,-,-,-,-,-,-,-,8155,0,-,-,-,-
1998/7/28,TX,199809,7809,7830,7741,7742,-44,-0.57%,264,7742,496,-,-,8131,7740
1998/7/28,TX,199810,-,-,-,-,-,-,-,7881,1,-,-,7770,7770
1998/7/28,TX,199812,8024,8025,7922,7950,43,0.54%,8,7863,9,-,-,8025,7875
1998/7/28,TX,199903,8025,8025,8010,8010,-5,-0.06%,7,7971,27,-,-,8242,8000
1998/7/28,TX,199906,-,-,-,-,-,-,-,8111,0,-,-,-,-
1998/7/29,TX,199809,7710,7729,7657,7680,-62,-0.80%,323,7680,555,-,-,8131,7657
1998/7/29,TX,199810,7750,7750,7750,7750,-131,-1.66%,1,7819,2,-,-,7770,7750
1998/7/29,TX,199812,7885,7891,7800,7800,-63,-0.80%,9,7801,15,-,-,8025,7800
1998/7/29,TX,199903,7945,7980,7925,7980,9,0.11%,10,7980,35,-,-,8242,7925
1998/7/29,TX,199906,-,-,-,-,-,-,-,8049,0,-,-,-,-
1998/7/30,TX,199809,7665,7678,7620,7638,-42,-0.55%,222,7638,580,-,-,8131,7620
1998/7/30,TX,199810,7600,7660,7600,7660,-159,-2.03%,2,7777,3,-,-,7770,7600
1998/7/30,TX,199812,7753,7753,7753,7753,-48,-0.62%,2,7759,16,-,-,8025,7753
1998/7/30,TX,199903,7920,7920,7900,7900,-80,-1.00%,13,7938,46,-,-,8242,7900
1998/7/30,TX,199906,-,-,-,-,-,-,-,8007,0,-,-,-,-
1998/7/31,TX,199809,7660,7683,7600,7600,-38,-0.50%,257,7600,622,-,-,8131,7600
1998/7/31,TX,199810,7599,7599,7599,7599,-178,-2.29%,1,7599,4,-,-,7770,7599
1998/7/31,TX,199812,7777,7777,7777,7777,18,0.23%,1,7721,17,-,-,8025,7753
1998/7/31,TX,199903,7912,7912,7855,7855,-83,-1.05%,13,7900,57,-,-,8242,7855
1998/7/31,TX,199906,-,-,-,-,-,-,-,7969,0,-,-,-,-
1998/8/1,TX,199809,7557,7609,7550,7609,9,0.12%,378,7609,712,-,-,8131,7550
1998/8/1,TX,199810,7610,7610,7610,7610,11,0.14%,1,7608,4,-,-,7770,7599
1998/8/1,TX,199812,7825,7825,7725,7725,4,0.05%,5,7730,21,-,-,8025,7725
1998/8/1,TX,199903,7750,7810,7750,7810,-90,-1.14%,5,7909,58,-,-,8242,7750
1998/8/1,TX,199906,-,-,-,-,-,-,-,7978,0,-,-,-,-
1998/8/3,TX,199809,7640,7657,7542,7552,-57,-0.75%,293,7552,790,-,-,8131,7542
1998/8/3,TX,199810,7550,7550,7550,7550,-58,-0.76%,2,7530,4,-,-,7770,7550
1998/8/3,TX,199812,7735,7735,7730,7730,0,0.00%,3,7755,24,-,-,8025,7725
1998/8/3,TX,199903,7850,7850,7850,7850,-59,-0.75%,1,7852,58,-,-,8242,7750
1998/8/3,TX,199906,-,-,-,-,-,-,-,7921,0,-,-,-,-
1998/8/4,TX,199809,7555,7600,7548,7560,8,0.11%,302,7560,855,-,-,8131,7542
1998/8/4,TX,199810,7550,7550,7550,7550,20,0.27%,2,7538,4,-,-,7770,7550
1998/8/4,TX,199812,7730,7745,7730,7745,-10,-0.13%,3,7745,27,-,-,8025,7725
1998/8/4,TX,199903,7830,7835,7830,7835,-17,-0.22%,2,7835,60,-,-,8242,7750
1998/8/4,TX,199906,-,-,-,-,-,-,-,7929,0,-,-,-,-
1998/8/5,TX,199809,7510,7520,7470,7487,-73,-0.97%,455,7487,922,-,-,8131,7470
1998/8/5,TX,199810,-,-,-,-,-,-,-,7465,4,-,-,7770,7550
1998/8/5,TX,199812,7720,7785,7710,7721,-24,-0.31%,13,7721,38,-,-,8025,7710
1998/8/5,TX,199903,7800,7835,7770,7780,-55,-0.70%,15,7762,73,-,-,8242,7750
1998/8/5,TX,199906,-,-,-,-,-,-,-,7856,0,-,-,-,-
1998/8/6,TX,199809,7515,7525,7451,7462,-25,-0.33%,270,7462,971,-,-,8131,7451
1998/8/6,TX,199810,7500,7500,7500,7500,35,0.47%,1,7440,5,-,-,7770,7500
1998/8/6,TX,199812,7730,7730,7701,7720,-1,-0.01%,10,7720,47,-,-,8025,7701
1998/8/6,TX,199903,7770,7770,7760,7760,-2,-0.03%,4,7737,76,-,-,8242,7750
1998/8/6,TX,199906,-,-,-,-,-,-,-,7831,0,-,-,-,-
1998/8/7,TX,199809,7480,7520,7452,7515,53,0.71%,453,7515,1049,-,-,8131,7451
1998/8/7,TX,199810,7530,7530,7530,7530,90,1.21%,1,7530,5,-,-,7770,7500
1998/8/7,TX,199812,7725,7725,7668,7710,-10,-0.13%,6,7710,49,-,-,8025,7668
1998/8/7,TX,199903,7735,7735,7735,7735,-2,-0.03%,1,7760,77,-,-,8242,7735
1998/8/7,TX,199906,-,-,-,-,-,-,-,7884,0,-,-,-,-
1998/8/10,TX,199809,7500,7500,7350,7365,-150,-2.00%,345,7365,1048,-,-,8131,7350
1998/8/10,TX,199810,-,-,-,-,-,-,-,7380,5,-,-,7770,7500
1998/8/10,TX,199812,7651,7651,7600,7600,-110,-1.43%,4,7600,53,-,-,8025,7600
1998/8/10,TX,199903,7730,7730,7701,7701,-59,-0.76%,2,7650,77,-,-,8242,7701
1998/8/10,TX,199906,-,-,-,-,-,-,-,7734,0,-,-,-,-
1998/8/11,TX,199809,7316,7379,7316,7360,-5,-0.07%,386,7360,1093,-,-,8131,7316
1998/8/11,TX,199810,-,-,-,-,-,-,-,7375,5,-,-,7770,7500
1998/8/11,TX,199812,7580,7580,7580,7580,-20,-0.26%,1,7605,54,-,-,8025,7580
1998/8/11,TX,199903,7625,7650,7625,7630,-20,-0.26%,15,7645,82,-,-,8242,7625
1998/8/11,TX,199906,-,-,-,-,-,-,-,7729,0,-,-,-,-
1998/8/12,TX,199809,7335,7335,7281,7330,-30,-0.41%,384,7330,1205,-,-,8131,7281
1998/8/12,TX,199810,7360,7360,7358,7360,-15,-0.20%,4,7345,4,-,-,7770,7358
1998/8/12,TX,199812,7480,7525,7480,7525,-80,-1.05%,3,7525,55,-,-,8025,7480
1998/8/12,TX,199903,7550,7550,7500,7505,-140,-1.83%,5,7550,84,-,-,8242,7500
1998/8/12,TX,199906,-,-,-,-,-,-,-,7699,0,-,-,-,-
1998/8/13,TX,199809,7360,7378,7291,7291,-39,-0.53%,496,7291,1280,-,-,8131,7281
1998/8/13,TX,199810,7450,7450,7450,7450,105,1.43%,1,7306,5,-,-,7770,7358
1998/8/13,TX,199812,7520,7599,7476,7476,-49,-0.65%,4,7495,55,-,-,8025,7476
1998/8/13,TX,199903,7600,7600,7512,7512,-38,-0.50%,6,7512,85,-,-,8242,7500
1998/8/13,TX,199906,-,-,-,-,-,-,-,7660,0,-,-,-,-
1998/8/14,TX,199809,7275,7326,7140,7320,29,0.40%,528,7320,1339,-,-,8131,7140
1998/8/14,TX,199810,7300,7300,7300,7300,-6,-0.08%,3,7300,6,-,-,7770,7300
1998/8/14,TX,199812,7430,7449,7365,7439,-56,-0.75%,5,7439,56,-,-,8025,7365
1998/8/14,TX,199903,7546,7546,7497,7501,-11,-0.15%,9,7541,91,-,-,8242,7497
1998/8/14,TX,199906,-,-,-,-,-,-,-,7689,0,-,-,-,-
1998/8/15,TX,199809,7261,7338,7261,7300,-20,-0.27%,361,7300,1329,-,-,8131,7140
1998/8/15,TX,199810,7300,7300,7300,7300,0,0.00%,2,7280,8,-,-,7770,7300
1998/8/15,TX,199812,7465,7465,7465,7465,26,0.35%,2,7438,56,-,-,8025,7365
1998/8/15,TX,199903,7500,7549,7493,7495,-46,-0.61%,17,7521,100,-,-,8242,7493
1998/8/15,TX,199906,-,-,-,-,-,-,-,7669,0,-,-,-,-
1998/8/17,TX,199809,7285,7285,7219,7219,-81,-1.11%,308,7219,1331,-,-,8131,7140
1998/8/17,TX,199810,7300,7300,7280,7280,0,0.00%,4,7199,12,-,-,7770,7280
1998/8/17,TX,199812,7401,7481,7400,7481,43,0.58%,15,7481,58,-,-,8025,7365
1998/8/17,TX,199903,7500,7544,7400,7410,-111,-1.48%,17,7410,112,-,-,8242,7400
1998/8/17,TX,199906,-,-,-,-,-,-,-,7588,0,-,-,-,-
1998/8/18,TX,199809,7250,7250,7165,7220,1,0.01%,574,7220,1402,-,-,8131,7140
1998/8/18,TX,199810,7200,7200,7200,7200,1,0.01%,1,7200,12,-,-,7770,7200
1998/8/18,TX,199812,7400,7497,7400,7483,2,0.03%,4,7483,60,-,-,8025,7365
1998/8/18,TX,199903,7420,7420,7405,7405,-5,-0.07%,6,7412,116,-,-,8242,7400
1998/8/18,TX,199906,-,-,-,-,-,-,-,7589,0,-,-,-,-
1998/8/19,TX,199809,7269,7300,7260,7285,65,0.90%,543,7285,1496,-,-,8131,7140
1998/8/19,TX,199810,-,-,-,-,-,-,-,7301,12,-,-,7770,7200
1998/8/19,TX,199812,7405,7405,7405,7405,-78,-1.04%,2,7405,61,-,-,8025,7365
1998/8/19,TX,199903,7449,7598,7449,7598,186,2.51%,2,7598,118,-,-,8242,7400
1998/8/19,TX,199906,-,-,-,-,-,-,-,7654,0,-,-,-,-
1998/8/20,TX,199809,7300,7300,7253,7274,-11,-0.15%,322,7274,1577,-,-,8131,7140
1998/8/20,TX,199810,7320,7320,7280,7280,-21,-0.29%,6,7301,17,-,-,7770,7200
1998/8/20,TX,199812,7435,7508,7427,7506,101,1.36%,6,7506,60,-,-,8025,7365
1998/8/20,TX,199903,7588,7588,7470,7501,-97,-1.28%,4,7501,118,-,-,8242,7400
1998/8/20,TX,199906,-,-,-,-,-,-,-,7643,0,-,-,-,-
1998/8/21,TX,199809,7255,7255,7220,7225,-49,-0.67%,301,7225,1583,-,-,8131,7140
1998/8/21,TX,199810,-,-,-,-,-,-,-,7281,17,-,-,7770,7200
1998/8/21,TX,199812,6981,7479,6981,7430,-76,-1.01%,9,7430,64,-,-,8025,6981
1998/8/21,TX,199903,7452,7452,7452,7452,-49,-0.65%,1,7452,118,-,-,8242,7400
1998/8/21,TX,199906,-,-,-,-,-,-,-,7594,0,-,-,-,-
1998/8/24,TX,199809,7172,7175,6955,6955,-270,-3.74%,919,6955,1604,-,-,8131,6955
1998/8/24,TX,199810,7100,7100,7000,7000,-281,-3.86%,21,7009,34,-,-,7770,7000
1998/8/24,TX,199812,7250,7289,7171,7220,-210,-2.83%,9,7220,68,-,-,8025,6981
1998/8/24,TX,199903,7400,7400,7290,7300,-152,-2.04%,20,7300,131,-,-,8242,7290
1998/8/24,TX,199906,-,-,-,-,-,-,-,7324,0,-,-,-,-
1998/8/25,TX,199809,6938,6970,6844,6949,-6,-0.09%,780,6949,1628,-,-,8131,6844
1998/8/25,TX,199810,6902,6930,6868,6930,-79,-1.13%,23,6964,53,-,-,7770,6868
1998/8/25,TX,199812,7102,7102,6953,7019,-201,-2.78%,11,7001,72,-,-,8025,6953
1998/8/25,TX,199903,7298,7298,7160,7210,-90,-1.23%,17,7210,140,-,-,8242,7160
1998/8/25,TX,199906,-,-,-,-,-,-,-,7318,0,-,-,-,-
1998/8/26,TX,199809,6990,7014,6790,6790,-159,-2.29%,839,6790,1657,-,-,8131,6790
1998/8/26,TX,199810,7000,7022,6800,6800,-164,-2.35%,33,6834,76,-,-,7770,6800
1998/8/26,TX,199812,7050,7060,6880,6880,-121,-1.73%,25,6939,80,-,-,8025,6880
1998/8/26,TX,199903,7220,7230,6950,6950,-260,-3.61%,33,6950,166,-,-,8242,6950
1998/8/26,TX,199906,-,-,-,-,-,-,-,7159,0,-,-,-,-
1998/8/27,TX,199809,6681,6850,6651,6835,45,0.66%,1137,6835,1641,-,-,8131,6651
1998/8/27,TX,199810,6651,6845,6651,6800,-34,-0.50%,51,6800,95,-,-,7770,6651
1998/8/27,TX,199812,6880,6925,6715,6890,-49,-0.71%,17,6890,82,-,-,8025,6715
1998/8/27,TX,199903,6888,6950,6755,6950,0,0.00%,7,6995,163,-,-,8242,6755
1998/8/27,TX,199906,-,-,-,-,-,-,-,7158,0,-,-,-,-
1998/8/28,TX,199809,6699,6820,6655,6695,-140,-2.05%,1285,6695,1764,-,-,8131,6651
1998/8/28,TX,199810,6650,6774,6630,6700,-100,-1.47%,57,6700,120,-,-,7770,6630
1998/8/28,TX,199812,6700,6835,6700,6752,-138,-2.00%,23,6799,87,-,-,8025,6700
1998/8/28,TX,199903,6900,6900,6900,6900,-95,-1.36%,4,6855,164,-,-,8242,6755
1998/8/28,TX,199906,-,-,-,-,-,-,-,7018,0,-,-,-,-
1998/8/29,TX,199809,6700,6780,6700,6728,33,0.49%,698,6728,1879,-,-,8131,6651
1998/8/29,TX,199810,6750,6760,6692,6710,10,0.15%,34,6717,141,-,-,7770,6630
1998/8/29,TX,199812,6750,6825,6750,6761,-38,-0.56%,9,6740,89,-,-,8025,6700
1998/8/29,TX,199903,6895,6895,6820,6880,25,0.36%,20,6879,169,-,-,8242,6755
1998/8/29,TX,199906,-,-,-,-,-,-,-,7051,0,-,-,-,-
1998/8/31,TX,199809,6750,6756,6566,6566,-162,-2.41%,922,6566,1928,-,-,8131,6566
1998/8/31,TX,199810,6710,6710,6570,6570,-147,-2.19%,56,6574,167,-,-,7770,6570
1998/8/31,TX,199812,6705,6705,6620,6620,-120,-1.78%,14,6740,89,-,-,8025,6620
1998/8/31,TX,199903,6805,6805,6678,6678,-201,-2.92%,14,6717,169,-,-,8242,6678
1998/8/31,TX,199906,-,-,-,-,-,-,-,6889,0,-,-,-,-
1998/9/1,TX,199809,6352,6410,6216,6410,-156,-2.38%,1584,6410,1783,-,-,8131,6216
1998/9/1,TX,199810,6390,6390,6241,6390,-184,-2.80%,71,6390,177,-,-,7770,6241
1998/9/1,TX,199812,6490,6490,6289,6475,-265,-3.93%,32,6475,87,-,-,8025,6289
1998/9/1,TX,199903,6503,6503,6300,6480,-237,-3.53%,23,6426,166,-,-,8242,6300
1998/9/1,TX,199906,-,-,-,-,-,-,-,6733,0,-,-,-,-
1998/9/2,TX,199809,6494,6495,6380,6430,20,0.31%,1417,6430,1834,-,-,8131,6216
1998/9/2,TX,199810,6453,6498,6377,6430,40,0.63%,54,6410,185,-,-,7770,6241
1998/9/2,TX,199812,6510,6540,6416,6518,43,0.66%,17,6512,84,-,-,8025,6289
1998/9/2,TX,199903,6510,6598,6510,6598,172,2.68%,21,6551,167,-,-,8242,6300
1998/9/2,TX,199906,6262,6400,6262,6400,-333,-4.95%,5,6400,3,-,-,6400,6262
1998/9/3,TX,199809,6400,6400,6200,6200,-230,-3.58%,1459,6200,2075,-,-,8131,6200
1998/9/3,TX,199810,6430,6430,6200,6200,-210,-3.28%,104,6200,234,-,-,7770,6200
1998/9/3,TX,199812,6482,6482,6300,6300,-212,-3.26%,9,6284,91,-,-,8025,6289
1998/9/3,TX,199903,6520,6520,6331,6331,-220,-3.36%,18,6330,165,-,-,8242,6300
1998/9/3,TX,199906,6450,6450,6450,6450,50,0.78%,3,6248,0,-,-,6450,6262
1998/9/4,TX,199809,6120,6400,6120,6399,199,3.21%,1789,6399,1940,-,-,8131,6120
1998/9/4,TX,199810,6150,6420,6150,6420,220,3.55%,116,6420,229,-,-,7770,6150
1998/9/4,TX,199812,6200,6418,6200,6405,121,1.93%,21,6417,82,-,-,8025,6200
1998/9/4,TX,199903,6380,6505,6369,6505,175,2.76%,18,6505,164,-,-,8242,6300
1998/9/4,TX,199906,-,-,-,-,-,-,-,6447,0,-,-,6450,6262
1998/9/5,TX,199809,6420,6710,6420,6700,301,4.70%,2198,6700,1827,-,-,8131,6120
1998/9/5,TX,199810,6411,6699,6411,6690,270,4.21%,186,6690,219,-,-,7770,6150
1998/9/5,TX,199812,6480,6860,6480,6700,283,4.41%,28,6695,75,-,-,8025,6200
1998/9/5,TX,199903,6583,6788,6583,6788,283,4.35%,31,6788,166,-,-,8242,6300
1998/9/5,TX,199906,-,-,-,-,-,-,-,6748,0,-,-,6450,6262
1998/9/7,TX,199809,6730,6769,6603,6719,19,0.28%,1632,6719,1946,-,-,8131,6120
1998/9/7,TX,199810,6720,6749,6650,6730,40,0.60%,192,6730,271,-,-,7770,6150
1998/9/7,TX,199812,6710,6765,6682,6765,70,1.05%,33,6760,68,-,-,8025,6200
1998/9/7,TX,199903,6950,6950,6712,6850,62,0.91%,31,6848,168,-,-,8242,6300
1998/9/7,TX,199906,6690,6690,6690,6690,-58,-0.86%,1,6767,1,-,-,6690,6262
1998/9/8,TX,199809,6719,6870,6700,6865,146,2.17%,1410,6865,2000,-,-,8131,6120
1998/9/8,TX,199810,6730,6850,6730,6849,119,1.77%,160,6849,305,-,-,7770,6150
1998/9/8,TX,199812,6820,6900,6820,6900,140,2.07%,5,6900,64,-,-,8025,6200
1998/9/8,TX,199903,6848,6948,6848,6948,100,1.46%,11,6948,166,-,-,8242,6300
1998/9/8,TX,199906,6993,6993,6993,6993,226,3.34%,1,6950,1,-,-,6993,6262
1998/9/9,TX,199809,6930,6931,6735,6770,-95,-1.38%,1901,6770,2075,-,-,8131,6120
1998/9/9,TX,199810,6890,6900,6743,6769,-80,-1.17%,288,6769,419,-,-,7770,6150
1998/9/9,TX,199812,7000,7000,6800,6840,-60,-0.87%,12,6840,69,-,-,8025,6200
1998/9/9,TX,199903,7001,7001,6855,6860,-88,-1.27%,17,6860,165,-,-,8242,6300
1998/9/9,TX,199906,-,-,-,-,-,-,-,6855,1,-,-,6993,6262
1998/9/10,TX,199809,6720,6798,6702,6730,-40,-0.59%,1371,6730,1915,-,-,8131,6120
1998/9/10,TX,199810,6700,6750,6680,6685,-84,-1.24%,312,6685,556,-,-,7770,6150
1998/9/10,TX,199812,6740,6800,6700,6700,-140,-2.05%,44,6700,94,-,-,8025,6200
1998/9/10,TX,199903,6800,6838,6701,6711,-149,-2.17%,20,6711,172,-,-,8242,6300
1998/9/10,TX,199906,-,-,-,-,-,-,-,6815,1,-,-,6993,6262
1998/9/11,TX,199809,6680,6769,6630,6769,39,0.58%,1804,6769,1676,-,-,8131,6120
1998/9/11,TX,199810,6605,6700,6530,6684,-1,-0.01%,812,6684,814,-,-,7770,6150
1998/9/11,TX,199812,6650,6710,6522,6710,10,0.15%,41,6710,103,-,-,8025,6200
1998/9/11,TX,199903,6580,6698,6550,6666,-45,-0.67%,23,6626,172,-,-,8242,6300
1998/9/11,TX,199906,-,-,-,-,-,-,-,6854,1,-,-,6993,6262
1998/9/14,TX,199809,6789,6849,6769,6818,49,0.72%,871,6818,1479,-,-,8131,6120
1998/9/14,TX,199810,6714,6759,6699,6739,55,0.82%,835,6739,1173,-,-,7770,6150
1998/9/14,TX,199812,6720,6750,6720,6720,10,0.15%,39,6735,105,-,-,8025,6200
1998/9/14,TX,199903,6705,6758,6700,6755,129,1.95%,15,6720,171,-,-,8242,6300
1998/9/14,TX,199906,-,-,-,-,-,-,-,6903,1,-,-,6993,6262
1998/9/15,TX,199809,6840,6850,6780,6825,7,0.10%,612,6825,1156,-,-,8131,6120
1998/9/15,TX,199810,6755,6770,6686,6720,-19,-0.28%,903,6720,1519,-,-,7770,6150
1998/9/15,TX,199812,6750,6787,6680,6730,-5,-0.07%,8,6707,109,-,-,8025,6200
1998/9/15,TX,199903,6798,6798,6700,6735,15,0.22%,10,6718,174,-,-,8242,6300
1998/9/15,TX,199906,6700,6700,6700,6700,-203,-2.94%,6,6730,7,-,-,6993,6262
1998/9/16,TX,199809,6815,6995,6815,6995,170,2.49%,732,6995,575,-,-,8131,6120
1998/9/16,TX,199810,6730,6930,6700,6930,210,3.13%,1522,6930,1790,-,-,7770,6150
1998/9/16,TX,199812,6730,6880,6700,6880,173,2.58%,41,6880,120,-,-,8025,6200
1998/9/16,TX,199903,6718,6800,6718,6800,82,1.22%,14,6860,174,-,-,8242,6300
1998/9/16,TX,199906,6750,6848,6750,6848,118,1.75%,6,6848,12,-,-,6993,6262
1998/9/17,TX,199810,6945,6964,6892,6906,-24,-0.35%,1979,6906,2146,-,-,7770,6150
1998/9/17,TX,199811,6880,6930,6880,6900,-,-,11,6900,11,-,-,6930,6880
1998/9/17,TX,199812,6933,6933,6860,6860,-20,-0.29%,28,6870,124,-,-,8025,6200
1998/9/17,TX,199903,6900,6945,6820,6832,-28,-0.41%,13,6836,174,-,-,8242,6300
1998/9/17,TX,199906,6900,6900,6840,6840,-8,-0.12%,2,6824,12,-,-,6993,6262
1998/9/18,TX,199810,6840,6876,6832,6842,-64,-0.93%,1470,6842,2608,-,-,7770,6150
1998/9/18,TX,199811,6830,6830,6810,6815,-85,-1.23%,18,6815,24,-,-,6930,6810
1998/9/18,TX,199812,6790,6849,6790,6837,-33,-0.48%,16,6837,133,-,-,8025,6200
1998/9/18,TX,199903,6805,6805,6805,6805,-31,-0.45%,2,6802,174,-,-,8242,6300
1998/9/18,TX,199906,6815,6820,6815,6820,-4,-0.06%,2,6760,14,-,-,6993,6262
1998/9/19,TX,199810,6859,7040,6855,7039,197,2.88%,2339,7039,2821,-,-,7770,6150
1998/9/19,TX,199811,6870,6996,6870,6996,181,2.66%,30,6996,35,-,-,6996,6810
1998/9/19,TX,199812,6835,6966,6835,6966,129,1.89%,39,6977,146,-,-,8025,6200
1998/9/19,TX,199903,6800,6920,6800,6900,98,1.44%,8,6980,179,-,-,8242,6300
1998/9/19,TX,199906,6860,6940,6860,6940,180,2.66%,11,6940,22,-,-,6993,6262
1998/9/21,TX,199810,7035,7060,6850,6861,-178,-2.53%,2307,6861,2918,-,-,7770,6150
1998/9/21,TX,199811,7015,7020,6803,6868,-128,-1.83%,36,6868,43,-,-,7020,6803
1998/9/21,TX,199812,6977,6977,6812,6812,-165,-2.36%,19,6812,144,-,-,8025,6200
1998/9/21,TX,199903,6862,6862,6820,6820,-160,-2.29%,4,6802,178,-,-,8242,6300
1998/9/21,TX,199906,-,-,-,-,-,-,-,6762,22,-,-,6993,6262
1998/9/22,TX,199810,6930,6958,6855,6926,65,0.95%,1715,6926,3208,-,-,7770,6150
1998/9/22,TX,199811,6880,6900,6815,6890,22,0.32%,26,6890,59,-,-,7020,6803
1998/9/22,TX,199812,6820,6865,6800,6820,8,0.12%,15,6820,147,-,-,8025,6200
1998/9/22,TX,199903,6770,6833,6770,6833,31,0.46%,5,6833,178,-,-,8242,6300
1998/9/22,TX,199906,6828,6828,6818,6818,56,0.83%,3,6827,25,-,-,6993,6262
1998/9/23,TX,199810,6900,6946,6850,6852,-74,-1.07%,1773,6852,3400,-,-,7770,6150
1998/9/23,TX,199811,6880,6890,6825,6839,-51,-0.74%,18,6850,58,-,-,7020,6803
1998/9/23,TX,199812,6859,6860,6770,6770,-50,-0.73%,24,6770,159,-,-,8025,6200
1998/9/23,TX,199903,6829,6830,6800,6815,-18,-0.26%,5,6759,181,-,-,8242,6300
1998/9/23,TX,199906,6710,6710,6710,6710,-117,-1.71%,1,6740,24,-,-,6993,6262
1998/9/24,TX,199810,6940,6940,6870,6890,38,0.55%,1403,6890,3630,-,-,7770,6150
1998/9/24,TX,199811,6889,6900,6851,6860,10,0.15%,9,6858,60,-,-,7020,6803
1998/9/24,TX,199812,6860,6860,6800,6800,30,0.44%,10,6812,160,-,-,8025,6200
1998/9/24,TX,199903,6820,6820,6800,6810,51,0.75%,3,6797,182,-,-,8242,6300
1998/9/24,TX,199906,-,-,-,-,-,-,-,6778,24,-,-,6993,6262
1998/9/25,TX,199810,6856,6881,6771,6871,-19,-0.28%,1928,6871,3269,-,-,7770,6150
1998/9/25,TX,199811,6830,6830,6750,6821,-37,-0.54%,26,6821,69,-,-,7020,6750
1998/9/25,TX,199812,6802,6802,6705,6785,-27,-0.40%,18,6795,155,-,-,8025,6200
1998/9/25,TX,199903,6791,6791,6755,6775,-22,-0.32%,5,6715,187,-,-,8242,6300
1998/9/25,TX,199906,-,-,-,-,-,-,-,6795,24,-,-,6993,6262
1998/9/28,TX,199810,6860,6880,6801,6840,-31,-0.45%,1132,6840,3442,-,-,7770,6150
1998/9/28,TX,199811,6791,6818,6791,6815,-6,-0.09%,8,6815,71,-,-,7020,6750
1998/9/28,TX,199812,6790,6795,6785,6795,0,0.00%,7,6764,154,-,-,8025,6200
1998/9/28,TX,199903,-,-,-,-,-,-,-,6780,187,-,-,8242,6300
1998/9/28,TX,199906,6818,6818,6818,6818,23,0.34%,1,6750,24,-,-,6993,6262
1998/9/29,TX,199810,6870,6875,6780,6806,-34,-0.50%,1389,6806,3590,-,-,7770,6150
1998/9/29,TX,199811,6850,6850,6770,6794,-21,-0.31%,24,6794,78,-,-,7020,6750
1998/9/29,TX,199812,6800,6849,6750,6780,16,0.24%,12,6736,156,-,-,8025,6200
1998/9/29,TX,199903,6800,6800,6750,6750,-30,-0.44%,3,6778,188,-,-,8242,6300
1998/9/29,TX,199906,6800,6800,6800,6800,50,0.74%,1,6778,25,-,-,6993,6262
1998/9/30,TX,199810,6806,6827,6751,6787,-19,-0.28%,1239,6787,3554,-,-,7770,6150
1998/9/30,TX,199811,6795,6795,6701,6720,-74,-1.09%,19,6733,88,-,-,7020,6701
1998/9/30,TX,199812,6731,6750,6710,6735,-1,-0.01%,25,6735,163,-,-,8025,6200
1998/9/30,TX,199903,6689,6689,6688,6688,-90,-1.33%,2,6759,190,-,-,8242,6300
1998/9/30,TX,199906,6675,6675,6675,6675,-103,-1.52%,2,6759,26,-,-,6993,6262
1998/10/1,TX,199810,6738,6745,6620,6620,-167,-2.46%,2073,6620,3384,-,-,7770,6150
1998/10/1,TX,199811,6703,6710,6605,6605,-128,-1.90%,77,6605,134,-,-,7020,6605
1998/10/1,TX,199812,6660,6719,6601,6601,-134,-1.99%,41,6601,185,-,-,8025,6200
1998/10/1,TX,199903,6690,6690,6690,6690,-69,-1.02%,2,6592,189,-,-,8242,6300
1998/10/1,TX,199906,-,-,-,-,-,-,-,6592,26,-,-,6993,6262
1998/10/2,TX,199810,6530,6530,6311,6398,-222,-3.35%,2532,6398,2943,-,-,7770,6150
1998/10/2,TX,199811,6465,6465,6290,6359,-246,-3.72%,120,6359,160,-,-,7020,6290
1998/10/2,TX,199812,6500,6500,6205,6320,-281,-4.26%,67,6320,185,-,-,8025,6200
1998/10/2,TX,199903,6500,6500,6265,6300,-292,-4.43%,15,6300,197,-,-,8242,6265
1998/10/2,TX,199906,6370,6370,6370,6370,-222,-3.37%,1,6297,27,-,-,6993,6262
1998/10/3,TX,199810,6398,6555,6398,6550,152,2.38%,2383,6550,2930,-,-,7770,6150
1998/10/3,TX,199811,6379,6484,6356,6483,124,1.95%,181,6483,211,-,-,7020,6290
1998/10/3,TX,199812,6339,6450,6330,6450,130,2.06%,56,6450,174,-,-,8025,6200
1998/10/3,TX,199903,6331,6419,6330,6419,119,1.89%,7,6450,195,-,-,8242,6265
1998/10/3,TX,199906,6251,6350,6251,6350,53,0.84%,2,6405,27,-,-,6993,6251
1998/10/6,TX,199810,6490,6493,6320,6450,-100,-1.53%,2007,6450,3079,-,-,7770,6150
1998/10/6,TX,199811,6360,6420,6350,6380,-103,-1.59%,88,6391,235,-,-,7020,6290
1998/10/6,TX,199812,6366,6400,6302,6350,-100,-1.55%,18,6350,176,-,-,8025,6200
1998/10/6,TX,199903,6300,6384,6300,6380,-70,-1.09%,23,6350,190,-,-,8242,6265
1998/10/6,TX,199906,6305,6305,6305,6305,-100,-1.56%,1,6305,28,-,-,6993,6251
1998/10/7,TX,199810,6469,6640,6469,6639,189,2.93%,2348,6639,3347,-,-,7770,6150
1998/10/7,TX,199811,6391,6570,6391,6570,179,2.80%,192,6570,263,-,-,7020,6290
1998/10/7,TX,199812,6410,6565,6410,6565,215,3.39%,51,6540,151,-,-,8025,6200
1998/10/7,TX,199903,6422,6515,6422,6515,165,2.60%,7,6515,193,-,-,8242,6265
1998/10/7,TX,199906,6395,6450,6390,6450,145,2.30%,8,6435,31,-,-,6993,6251
1998/10/8,TX,199810,6600,7035,6600,6981,342,5.15%,3281,6981,3089,-,-,7770,6150
1998/10/8,TX,199811,6570,6940,6570,6901,331,5.04%,360,6901,394,-,-,7020,6290
1998/10/8,TX,199812,6540,6920,6540,6920,380,5.81%,52,6920,144,-,-,8025,6200
1998/10/8,TX,199903,6535,6798,6535,6798,283,4.34%,18,6798,193,-,-,8242,6265
1998/10/8,TX,199906,6498,6720,6498,6720,285,4.43%,7,6785,33,-,-,6993,6251
1998/10/9,TX,199810,6980,7028,6830,6900,-81,-1.16%,3290,6900,3164,-,-,7770,6150
1998/10/9,TX,199811,6900,6950,6780,6835,-66,-0.96%,408,6835,509,-,-,7020,6290
1998/10/9,TX,199812,6900,6920,6800,6848,-72,-1.04%,43,6840,156,-,-,8025,6200
1998/10/9,TX,199903,6839,6839,6700,6780,-18,-0.26%,9,6815,189,-,-,8242,6265
1998/10/9,TX,199906,6672,6672,6672,6672,-113,-1.67%,1,6760,33,-,-,6993,6251
1998/10/12,TX,199810,6980,6980,6900,6935,35,0.51%,1613,6935,3119,-,-,7770,6150
1998/10/12,TX,199811,6890,6910,6850,6872,37,0.54%,271,6872,638,-,-,7020,6290
1998/10/12,TX,199812,6920,6920,6828,6830,-10,-0.15%,24,6831,160,-,-,8025,6200
1998/10/12,TX,199903,6666,6761,6666,6760,-55,-0.81%,12,6850,185,-,-,8242,6265
1998/10/12,TX,199906,-,-,-,-,-,-,-,6721,33,-,-,6993,6251
1998/10/13,TX,199810,6950,6990,6851,6852,-83,-1.20%,2387,6852,3101,-,-,7770,6150
1998/10/13,TX,199811,6900,6948,6810,6810,-62,-0.90%,511,6810,821,-,-,7020,6290
1998/10/13,TX,199812,6861,6920,6800,6800,-31,-0.45%,40,6800,159,-,-,8025,6200
1998/10/13,TX,199903,6821,6855,6760,6760,-90,-1.31%,9,6765,187,-,-,8242,6265
1998/10/13,TX,199906,6736,6736,6736,6736,15,0.22%,1,6724,33,-,-,6993,6251
1998/10/14,TX,199810,6830,6830,6740,6775,-77,-1.12%,2224,6775,2706,-,-,7770,6150
1998/10/14,TX,199811,6800,6800,6681,6740,-70,-1.03%,606,6740,1009,-,-,7020,6290
1998/10/14,TX,199812,6780,6780,6661,6710,-90,-1.32%,34,6729,173,-,-,8025,6200
1998/10/14,TX,199903,-,-,-,-,-,-,-,6740,187,-,-,8242,6265
1998/10/14,TX,199906,6590,6590,6580,6580,-144,-2.14%,2,6631,35,-,-,6993,6251
1998/10/15,TX,199810,6775,6781,6720,6760,-15,-0.22%,1188,6760,2752,-,-,7770,6150
1998/10/15,TX,199811,6720,6740,6684,6710,-30,-0.45%,513,6710,1231,-,-,7020,6290
1998/10/15,TX,199812,6708,6708,6675,6686,-43,-0.64%,9,6756,172,-,-,8025,6200
1998/10/15,TX,199903,6709,6709,6709,6709,-31,-0.46%,1,6770,188,-,-,8242,6265
1998/10/15,TX,199906,-,-,-,-,-,-,-,6535,35,-,-,6993,6251
1998/10/17,TX,199810,6950,6975,6895,6908,148,2.19%,1592,6908,2396,-,-,7770,6150
1998/10/17,TX,199811,6855,6925,6832,6875,165,2.46%,1253,6875,1645,-,-,7020,6290
1998/10/17,TX,199812,6809,6890,6809,6860,104,1.54%,26,6860,174,-,-,8025,6200
1998/10/17,TX,199903,6860,6870,6815,6815,45,0.66%,4,6815,187,-,-,8242,6265
1998/10/17,TX,199906,6752,6788,6752,6752,217,3.32%,7,6752,40,-,-,6993,6251
1998/10/19,TX,199810,6920,6926,6871,6900,-8,-0.12%,641,6900,2039,-,-,7770,6150
1998/10/19,TX,199811,6880,6897,6835,6863,-12,-0.17%,1051,6863,2125,-,-,7020,6290
1998/10/19,TX,199812,6842,6858,6815,6855,-5,-0.07%,24,6855,174,-,-,8025,6200
1998/10/19,TX,199903,-,-,-,-,-,-,-,6807,187,-,-,8242,6265
1998/10/19,TX,199906,6753,6753,6740,6740,-12,-0.18%,5,6750,42,-,-,6993,6251
1998/10/20,TX,199810,6885,6898,6812,6812,-88,-1.28%,777,6812,1367,-,-,7770,6150
1998/10/20,TX,199811,6850,6850,6750,6750,-113,-1.65%,1422,6750,2500,-,-,7020,6290
1998/10/20,TX,199812,6820,6830,6741,6750,-105,-1.53%,35,6750,192,-,-,8025,6200
1998/10/20,TX,199903,6735,6735,6735,6735,-72,-1.06%,1,6735,187,-,-,8242,6265
1998/10/20,TX,199906,6702,6702,6700,6700,-50,-0.74%,5,6652,42,-,-,6993,6251
1998/10/21,TX,199810,6812,7055,6789,7054,242,3.55%,926,7054,579,-,-,7770,6150
1998/10/21,TX,199811,6740,7019,6740,6999,249,3.69%,3351,6999,3230,-,-,7020,6290
1998/10/21,TX,199812,6730,6985,6730,6985,235,3.48%,70,6985,207,-,-,8025,6200
1998/10/21,TX,199903,6798,6920,6798,6920,185,2.75%,7,6965,186,-,-,8242,6265
1998/10/21,TX,199906,6788,6788,6788,6788,136,2.04%,2,6873,43,-,-,6993,6251
1998/10/22,TX,199811,7030,7038,6905,6955,-44,-0.63%,2243,6955,3761,-,-,7038,6290
1998/10/22,TX,199812,6985,6999,6901,6940,-45,-0.64%,60,6947,229,-,-,8025,6200
1998/10/22,TX,199903,6911,6911,6870,6870,-95,-1.36%,6,6906,186,-,-,8242,6265
1998/10/22,TX,199906,-,-,-,-,-,-,-,6841,43,-,-,6993,6251
1998/10/22,TX,199909,6836,7280,6836,7000,-,-,5,7000,1,-,-,7280,6836
1998/10/23,TX,199811,6975,7040,6962,7015,60,0.86%,2586,7015,4110,-,-,7040,6290
1998/10/23,TX,199812,6923,7040,6923,7000,53,0.76%,61,7000,233,-,-,8025,6200
1998/10/23,TX,199903,6906,6906,6882,6882,-24,-0.35%,2,6950,186,-,-,8242,6265
1998/10/23,TX,199906,6841,6841,6841,6841,0,0.00%,1,6928,43,-,-,6993,6251
1998/10/23,TX,199909,6690,6842,6690,6842,-158,-2.26%,3,6842,3,-,-,7280,6690
1998/10/26,TX,199811,7000,7010,6951,7010,-5,-0.07%,1463,7010,4387,-,-,7040,6290
1998/10/26,TX,199812,6980,6981,6940,6981,-19,-0.27%,40,6981,239,-,-,8025,6200
1998/10/26,TX,199903,6905,6920,6905,6920,-30,-0.43%,2,6900,188,-,-,8242,6265
1998/10/26,TX,199906,-,-,-,-,-,-,-,6850,43,-,-,6993,6251
1998/10/26,TX,199909,-,-,-,-,-,-,-,6837,3,-,-,7280,6690
1998/10/27,TX,199811,7020,7061,6980,7014,4,0.06%,2071,7014,4784,-,-,7061,6290
1998/10/27,TX,199812,6981,7030,6971,7003,22,0.32%,70,7003,256,-,-,8025,6200
1998/10/27,TX,199903,6960,6985,6920,6932,32,0.46%,19,6932,193,-,-,8242,6265
1998/10/27,TX,199906,6861,6888,6860,6888,38,0.55%,5,6890,43,-,-,6993,6251
1998/10/27,TX,199909,6880,6880,6850,6850,13,0.19%,2,6850,5,-,-,7280,6690
1998/10/28,TX,199811,7005,7020,6906,6914,-100,-1.43%,2947,6914,4791,-,-,7061,6290
1998/10/28,TX,199812,7000,7000,6901,6916,-87,-1.24%,121,6916,315,-,-,8025,6200
1998/10/28,TX,199903,6930,6932,6852,6870,-62,-0.89%,18,6870,194,-,-,8242,6265
1998/10/28,TX,199906,6880,6880,6839,6839,-51,-0.74%,4,6790,43,-,-,6993,6251
1998/10/28,TX,199909,6860,6860,6775,6775,-75,-1.09%,3,6750,5,-,-,7280,6690
1998/10/29,TX,199811,6912,6965,6907,6965,51,0.74%,1515,6965,5046,-,-,7061,6290
1998/10/29,TX,199812,6901,6949,6900,6949,33,0.48%,113,6949,391,-,-,8025,6200
1998/10/29,TX,199903,6939,6940,6872,6918,48,0.70%,7,6918,192,-,-,8242,6265
1998/10/29,TX,199906,6881,6881,6881,6881,91,1.34%,4,6900,40,-,-,6993,6251
1998/10/29,TX,199909,6889,6889,6889,6889,139,2.06%,1,6889,6,-,-,7280,6690
1998/10/30,TX,199811,7000,7046,6950,7035,70,1.01%,2302,7035,5204,-,-,7061,6290
1998/10/30,TX,199812,6960,7020,6945,7020,71,1.02%,103,7020,427,-,-,8025,6200
1998/10/30,TX,199903,6918,7000,6918,6956,38,0.55%,13,6971,196,-,-,8242,6265
1998/10/30,TX,199906,6915,6950,6915,6950,50,0.72%,5,6930,40,-,-,6993,6251
1998/10/30,TX,199909,-,-,-,-,-,-,-,6897,6,-,-,7280,6690
1998/10/31,TX,199811,7058,7120,7035,7118,83,1.18%,2753,7118,5244,-,-,7120,6290
1998/10/31,TX,199812,7040,7093,7025,7093,73,1.04%,137,7093,442,-,-,8025,6200
1998/10/31,TX,199903,7007,7025,7005,7025,54,0.77%,9,7025,196,-,-,8242,6265
1998/10/31,TX,199906,6988,6990,6988,6990,60,0.87%,3,6990,41,-,-,6993,6251
1998/10/31,TX,199909,-,-,-,-,-,-,-,6931,6,-,-,7280,6690
1998/11/2,TX,199811,7129,7200,7118,7181,63,0.89%,2530,7181,5259,-,-,7200,6290
1998/11/2,TX,199812,7100,7195,7100,7177,84,1.18%,192,7177,452,-,-,8025,6200
1998/11/2,TX,199903,7060,7149,7060,7149,124,1.77%,8,7105,202,-,-,8242,6265
1998/11/2,TX,199906,7075,7148,7075,7095,105,1.50%,17,7095,43,-,-,7148,6251
1998/11/2,TX,199909,7051,7051,7051,7051,120,1.73%,1,7000,6,-,-,7280,6690
1998/11/3,TX,199811,7150,7150,7073,7080,-101,-1.41%,2876,7080,5113,-,-,7200,6290
1998/11/3,TX,199812,7192,7192,7072,7085,-92,-1.28%,234,7085,528,-,-,8025,6200
1998/11/3,TX,199903,7071,7071,7010,7051,-54,-0.76%,13,7015,203,-,-,8242,6265
1998/11/3,TX,199906,7031,7031,7030,7030,-65,-0.92%,3,6990,42,-,-,7148,6251
1998/11/3,TX,199909,7000,7000,7000,7000,0,0.00%,1,6960,6,-,-,7280,6690
1998/11/4,TX,199811,7051,7060,6920,6958,-122,-1.72%,3434,6958,4529,-,-,7200,6290
1998/11/4,TX,199812,7044,7050,6920,6945,-140,-1.98%,214,6945,530,-,-,8025,6200
1998/11/4,TX,199903,6961,6961,6903,6925,-90,-1.28%,14,6925,202,-,-,8242,6265
1998/11/4,TX,199906,6915,6915,6899,6899,-91,-1.30%,7,6914,40,-,-,7148,6251
1998/11/4,TX,199909,6900,6920,6900,6920,-40,-0.57%,3,6920,8,-,-,7280,6690
1998/11/5,TX,199811,6970,7025,6903,7015,57,0.82%,2888,7015,4655,-,-,7200,6290
1998/11/5,TX,199812,6945,7011,6906,7008,63,0.91%,210,7008,591,-,-,8025,6200
1998/11/5,TX,199903,6915,6916,6900,6916,-9,-0.13%,8,6952,196,-,-,8242,6265
1998/11/5,TX,199906,6930,6930,6925,6925,11,0.16%,3,6963,39,-,-,7148,6251
1998/11/5,TX,199909,-,-,-,-,-,-,-,6977,8,-,-,7280,6690
1998/11/6,TX,199811,7018,7018,6915,6921,-94,-1.34%,3000,6921,4661,-,-,7200,6290
1998/11/6,TX,199812,7028,7028,6925,6925,-83,-1.18%,278,6925,690,-,-,8025,6200
1998/11/6,TX,199903,6982,6982,6903,6903,-49,-0.70%,21,6904,206,-,-,8242,6265
1998/11/6,TX,199906,6910,6915,6910,6910,-53,-0.76%,5,6890,36,-,-,7148,6251
1998/11/6,TX,199909,-,-,-,-,-,-,-,6880,8,-,-,7280,6690
1998/11/7,TX,199811,6930,7000,6930,7000,79,1.14%,2117,7000,4826,-,-,7200,6290
1998/11/7,TX,199812,6915,7020,6915,7020,95,1.37%,228,7020,799,-,-,8025,6200
1998/11/7,TX,199903,6934,6940,6934,6934,30,0.43%,11,6951,212,-,-,8242,6265
1998/11/7,TX,199906,6995,6995,6935,6980,90,1.31%,3,6969,36,-,-,7148,6251
1998/11/7,TX,199909,-,-,-,-,-,-,-,6959,8,-,-,7280,6690
1998/11/9,TX,199811,7001,7018,6940,6965,-35,-0.50%,1374,6965,4869,-,-,7200,6290
1998/11/9,TX,199812,7000,7018,6960,6965,-55,-0.78%,171,6965,881,-,-,8025,6200
1998/11/9,TX,199903,6950,6951,6950,6951,0,0.00%,2,6890,212,-,-,8242,6265
1998/11/9,TX,199906,6901,6901,6901,6901,-68,-0.98%,1,6904,37,-,-,7148,6251
1998/11/9,TX,199909,-,-,-,-,-,-,-,6872,8,-,-,7280,6690
1998/11/10,TX,199811,6901,6901,6828,6831,-134,-1.92%,2496,6831,4320,-,-,7200,6290
1998/11/10,TX,199812,6905,6905,6840,6840,-125,-1.79%,338,6840,988,-,-,8025,6200
1998/11/10,TX,199903,6890,6900,6850,6850,-40,-0.58%,16,6850,219,-,-,8242,6265
1998/11/10,TX,199906,6860,6860,6860,6860,-44,-0.64%,1,6859,38,-,-,7148,6251
1998/11/10,TX,199909,-,-,-,-,-,-,-,6807,8,-,-,7280,6690
1998/11/11,TX,199811,6781,6788,6707,6710,-121,-1.77%,2317,6710,3816,-,-,7200,6290
1998/11/11,TX,199812,6800,6800,6725,6737,-103,-1.51%,464,6737,1115,-,-,8025,6200
1998/11/11,TX,199903,6801,6801,6761,6785,-65,-0.95%,13,6785,223,-,-,8242,6265
1998/11/11,TX,199906,6830,6830,6780,6780,-79,-1.15%,2,6795,37,-,-,7148,6251
1998/11/11,TX,199909,6725,7140,6725,6781,-26,-0.38%,6,6812,8,-,-,7280,6690
1998/11/13,TX,199811,6850,6899,6820,6894,184,2.74%,2411,6894,3235,-,-,7200,6290
1998/11/13,TX,199812,6850,6910,6822,6908,171,2.54%,963,6908,1556,-,-,8025,6200
1998/11/13,TX,199903,6880,6940,6880,6910,125,1.84%,11,6910,221,-,-,8242,6265
1998/11/13,TX,199906,-,-,-,-,-,-,-,6979,37,-,-,7148,6251
1998/11/13,TX,199909,-,-,-,-,-,-,-,6996,8,-,-,7280,6690
1998/11/16,TX,199811,6914,7072,6914,7070,176,2.55%,1784,7070,2365,-,-,7200,6290
1998/11/16,TX,199812,6938,7080,6938,7080,172,2.49%,1438,7080,2144,-,-,8025,6200
1998/11/16,TX,199903,7020,7050,7015,7050,140,2.03%,15,7050,214,-,-,8242,6265
1998/11/16,TX,199906,6960,7089,6960,7060,81,1.16%,5,7060,35,-,-,7148,6251
1998/11/16,TX,199909,-,-,-,-,-,-,-,7035,8,-,-,7280,6690
1998/11/17,TX,199811,7070,7180,7041,7165,95,1.34%,1252,7165,1488,-,-,7200,6290
1998/11/17,TX,199812,7115,7196,7080,7196,116,1.64%,2079,7196,2675,-,-,8025,6200
1998/11/17,TX,199903,7140,7155,7110,7155,105,1.49%,15,7160,211,-,-,8242,6265
1998/11/17,TX,199906,7138,7138,7138,7138,78,1.10%,1,7138,35,-,-,7148,6251
1998/11/17,TX,199909,7100,7138,7100,7125,90,1.28%,4,7125,7,-,-,7280,6690
1998/11/18,TX,199811,7195,7198,7052,7110,-55,-0.77%,940,7110,770,-,-,7200,6290
1998/11/18,TX,199812,7200,7220,7130,7140,-56,-0.78%,2754,7140,3587,-,-,8025,6200
1998/11/18,TX,199903,7150,7189,7110,7160,0,0.00%,9,7160,216,-,-,8242,6265
1998/11/18,TX,199906,-,-,-,-,-,-,-,7175,35,-,-,7148,6251
1998/11/18,TX,199909,-,-,-,-,-,-,-,7070,7,-,-,7280,6690
1998/11/19,TX,199812,7160,7365,7160,7350,210,2.94%,3567,7350,4036,-,-,8025,6200
1998/11/19,TX,199901,7245,7389,7210,7350,-,-,36,7350,23,-,-,7389,7210
1998/11/19,TX,199903,7162,7425,7162,7301,141,1.97%,30,7310,225,-,-,8242,6265
1998/11/19,TX,199906,7250,7330,7200,7330,155,2.16%,4,7385,35,-,-,7330,6251
1998/11/19,TX,199909,7560,7560,7200,7200,130,1.84%,3,7280,8,-,-,7560,6690
1998/11/20,TX,199812,7360,7390,7293,7390,40,0.54%,2989,7390,4319,-,-,8025,6200
1998/11/20,TX,199901,7420,7420,7300,7400,50,0.68%,28,7400,39,-,-,7420,7210
1998/11/20,TX,199903,7360,7360,7305,7360,50,0.68%,7,7364,226,-,-,8242,6265
1998/11/20,TX,199906,7260,7260,7260,7260,-125,-1.69%,1,7425,35,-,-,7330,6251
1998/11/20,TX,199909,7300,7300,7300,7300,20,0.27%,1,7320,8,-,-,7560,6690
1998/11/21,TX,199812,7425,7456,7355,7380,-10,-0.14%,3385,7380,4603,-,-,8025,6200
1998/11/21,TX,199901,7415,7456,7361,7380,-20,-0.27%,68,7381,70,-,-,7456,7210
1998/11/21,TX,199903,7400,7400,7346,7370,6,0.08%,11,7370,227,-,-,8242,6265
1998/11/21,TX,199906,7410,7460,7360,7369,-56,-0.75%,7,7369,35,-,-,7460,6251
1998/11/21,TX,199909,7360,7360,7350,7350,30,0.41%,3,7310,7,-,-,7560,6690
1998/11/23,TX,199812,7326,7380,7320,7344,-36,-0.49%,1636,7344,4913,-,-,8025,6200
1998/11/23,TX,199901,7350,7389,7325,7340,-41,-0.56%,31,7340,79,-,-,7456,7210
1998/11/23,TX,199903,7369,7369,7340,7340,-30,-0.41%,5,7334,230,-,-,8242,6265
1998/11/23,TX,199906,7260,7369,7260,7369,0,0.00%,2,7333,35,-,-,7460,6251
1998/11/23,TX,199909,-,-,-,-,-,-,-,7274,7,-,-,7560,6690
1998/11/24,TX,199812,7425,7538,7425,7525,181,2.46%,3250,7525,4685,-,-,8025,6200
1998/11/24,TX,199901,7391,7521,7391,7495,155,2.11%,70,7495,114,-,-,7521,7210
1998/11/24,TX,199903,7450,7500,7449,7485,151,2.06%,13,7485,235,-,-,8242,6265
1998/11/24,TX,199906,7495,7495,7495,7495,162,2.21%,1,7514,35,-,-,7495,6251
1998/11/24,TX,199909,7490,7490,7490,7490,216,2.97%,1,7455,8,-,-,7560,6690
1998/11/25,TX,199812,7250,7380,7250,7366,-159,-2.11%,4222,7366,5152,-,-,8025,6200
1998/11/25,TX,199901,7300,7390,7300,7380,-115,-1.53%,164,7380,178,-,-,7521,7210
1998/11/25,TX,199903,7485,7485,6998,7350,-135,-1.80%,26,7350,234,-,-,8242,6265
1998/11/25,TX,199906,7455,7455,7250,7320,-194,-2.58%,6,7330,34,-,-,7495,6251
1998/11/25,TX,199909,7455,7455,7350,7350,-105,-1.41%,2,7296,10,-,-,7560,6690
1998/11/26,TX,199812,7385,7550,7368,7529,163,2.21%,3485,7529,5004,-,-,8025,6200
1998/11/26,TX,199901,7398,7560,7398,7545,165,2.24%,153,7545,214,-,-,7560,7210
1998/11/26,TX,199903,7350,7520,7350,7520,170,2.31%,6,7514,237,-,-,8242,6265
1998/11/26,TX,199906,7490,7520,7490,7520,190,2.59%,2,7472,34,-,-,7520,6251
1998/11/26,TX,199909,-,-,-,-,-,-,-,7460,10,-,-,7560,6690
1998/11/27,TX,199812,7550,7558,7455,7490,-39,-0.52%,2598,7490,5172,-,-,8025,6200
1998/11/27,TX,199901,7580,7585,7468,7500,-45,-0.60%,127,7500,251,-,-,7585,7210
1998/11/27,TX,199903,7560,7560,7471,7500,-14,-0.19%,12,7518,236,-,-,8242,6265
1998/11/27,TX,199906,7501,7501,7501,7501,29,0.39%,1,7433,33,-,-,7520,6251
1998/11/27,TX,199909,7481,7481,7481,7481,21,0.28%,1,7421,10,-,-,7560,6690
1998/11/30,TX,199812,7480,7484,7410,7413,-77,-1.03%,2194,7413,5674,-,-,8025,6200
1998/11/30,TX,199901,7500,7500,7435,7439,-61,-0.81%,121,7439,331,-,-,7585,7210
1998/11/30,TX,199903,7485,7485,7424,7450,-68,-0.90%,6,7441,233,-,-,8242,6265
1998/11/30,TX,199906,7410,7410,7410,7410,-23,-0.31%,1,7356,32,-,-,7520,6251
1998/11/30,TX,199909,-,-,-,-,-,-,-,7344,10,-,-,7560,6690
1998/12/1,TX,199812,7360,7415,7328,7336,-77,-1.04%,2815,7336,6106,-,-,8025,6200
1998/12/1,TX,199901,7401,7449,7355,7394,-45,-0.60%,136,7394,408,-,-,7585,7210
1998/12/1,TX,199903,7424,7450,7391,7391,-50,-0.67%,16,7410,243,-,-,8242,6265
1998/12/1,TX,199906,7356,7400,7356,7400,44,0.60%,2,7279,32,-,-,7520,6251
1998/12/1,TX,199909,-,-,-,-,-,-,-,7267,10,-,-,7560,6690
1998/12/2,TX,199812,7400,7420,7355,7380,44,0.60%,2268,7380,6871,-,-,8025,6200
1998/12/2,TX,199901,7412,7470,7402,7425,31,0.42%,100,7425,448,-,-,7585,7210
1998/12/2,TX,199903,7420,7430,7420,7430,20,0.27%,3,7430,243,-,-,8242,6265
1998/12/2,TX,199906,-,-,-,-,-,-,-,7323,32,-,-,7520,6251
1998/12/2,TX,199909,-,-,-,-,-,-,-,7311,10,-,-,7560,6690
1998/12/3,TX,199812,7365,7370,7301,7321,-59,-0.80%,1844,7321,7010,-,-,8025,6200
1998/12/3,TX,199901,7425,7425,7360,7371,-54,-0.73%,97,7371,499,-,-,7585,7210
1998/12/3,TX,199903,7449,7449,7372,7372,-58,-0.78%,11,7372,244,-,-,8242,6265
1998/12/3,TX,199906,7340,7340,7340,7340,17,0.23%,2,7318,31,-,-,7520,6251
1998/12/3,TX,199909,-,-,-,-,-,-,-,7252,10,-,-,7560,6690
1998/12/4,TX,199812,7320,7384,7306,7384,63,0.86%,2017,7384,7054,-,-,8025,6200
1998/12/4,TX,199901,7386,7435,7370,7435,64,0.87%,180,7435,588,-,-,7585,7210
1998/12/4,TX,199903,7311,7419,7311,7419,47,0.64%,9,7420,243,-,-,8242,6265
1998/12/4,TX,199906,7408,7420,7408,7420,102,1.39%,3,7420,31,-,-,7520,6251
1998/12/4,TX,199909,7400,7400,7400,7400,148,2.04%,1,7315,11,-,-,7560,6690
1998/12/7,TX,199812,7534,7540,7470,7470,86,1.16%,2958,7470,7159,-,-,8025,6200
1998/12/7,TX,199901,7550,7640,7550,7562,127,1.71%,342,7562,762,-,-,7640,7210
1998/12/7,TX,199903,7502,7589,7502,7532,112,1.51%,14,7532,245,-,-,8242,6265
1998/12/7,TX,199906,7520,7560,7520,7528,108,1.46%,6,7528,32,-,-,7560,6251
1998/12/7,TX,199909,7600,7600,7520,7550,235,3.21%,3,7400,10,-,-,7600,6690
1998/12/8,TX,199812,7500,7510,7350,7352,-118,-1.58%,2678,7352,7530,-,-,8025,6200
1998/12/8,TX,199901,7601,7625,7451,7455,-107,-1.41%,529,7455,1023,-,-,7640,7210
1998/12/8,TX,199903,7561,7575,7450,7450,-82,-1.09%,24,7450,253,-,-,8242,6265
1998/12/8,TX,199906,-,-,-,-,-,-,-,7410,32,-,-,7560,6251
1998/12/8,TX,199909,-,-,-,-,-,-,-,7282,10,-,-,7600,6690
1998/12/9,TX,199812,7328,7338,7201,7226,-126,-1.71%,2646,7226,7173,-,-,8025,6200
1998/12/9,TX,199901,7420,7438,7301,7325,-130,-1.74%,723,7325,1377,-,-,7640,7210
1998/12/9,TX,199903,7430,7430,7325,7355,-95,-1.28%,18,7355,254,-,-,8242,6265
1998/12/9,TX,199906,7350,7350,7350,7350,-60,-0.81%,1,7284,32,-,-,7560,6251
1998/12/9,TX,199909,7350,7350,7350,7350,68,0.93%,2,7156,11,-,-,7600,6690
1998/12/10,TX,199812,7200,7250,7151,7186,-40,-0.55%,2171,7186,6915,-,-,8025,6200
1998/12/10,TX,199901,7305,7346,7240,7270,-55,-0.75%,867,7270,1815,-,-,7640,7210
1998/12/10,TX,199903,7303,7310,7230,7270,-85,-1.16%,51,7270,285,-,-,8242,6265
1998/12/10,TX,199906,-,-,-,-,-,-,-,7244,32,-,-,7560,6251
1998/12/10,TX,199909,7270,7270,7245,7245,89,1.24%,3,7116,10,-,-,7600,6690
1998/12/11,TX,199812,7110,7190,6960,6965,-221,-3.08%,2886,6965,5648,-,-,8025,6200
1998/12/11,TX,199901,7230,7266,7051,7051,-219,-3.01%,1626,7051,2487,-,-,7640,7051
1998/12/11,TX,199903,7212,7250,7080,7082,-188,-2.59%,101,7082,335,-,-,8242,6265
1998/12/11,TX,199906,7125,7125,7052,7060,-184,-2.54%,6,7023,30,-,-,7560,6251
1998/12/11,TX,199909,7150,7150,6950,6950,-166,-2.33%,3,6950,10,-,-,7600,6690
1998/12/14,TX,199812,6965,7040,6940,6959,-6,-0.09%,1576,6959,4828,-,-,8025,6200
1998/12/14,TX,199901,7100,7135,7041,7062,11,0.16%,1524,7062,3091,-,-,7640,7041
1998/12/14,TX,199903,7090,7139,7015,7041,-41,-0.58%,74,7033,359,-,-,8242,6265
1998/12/14,TX,199906,-,-,-,-,-,-,-,6960,30,-,-,7560,6251
1998/12/14,TX,199909,-,-,-,-,-,-,-,6960,10,-,-,7600,6690
1998/12/15,TX,199812,6901,7010,6760,7000,41,0.59%,2067,7000,3335,-,-,8025,6200
1998/12/15,TX,199901,7001,7149,6892,7148,86,1.22%,3453,7148,4267,-,-,7640,6892
1998/12/15,TX,199903,7030,7135,6852,7129,96,1.36%,77,7129,376,-,-,8242,6265
1998/12/15,TX,199906,-,-,-,-,-,-,-,7080,30,-,-,7560,6251
1998/12/15,TX,199909,6850,7060,6850,7060,100,1.44%,4,6972,11,-,-,7600,6690
1998/12/16,TX,199812,6975,6985,6760,6760,-240,-3.43%,1701,6760,1857,-,-,8025,6200
1998/12/16,TX,199901,7154,7158,6850,6859,-289,-4.04%,3364,6859,5035,-,-,7640,6850
1998/12/16,TX,199903,7120,7120,6856,6898,-231,-3.24%,45,6879,390,-,-,8242,6265
1998/12/16,TX,199906,7100,7100,6951,6951,-129,-1.82%,10,6840,33,-,-,7560,6251
1998/12/16,TX,199909,7100,7100,6880,6880,-92,-1.32%,4,6732,12,-,-,7600,6690
1998/12/17,TX,199901,6761,6870,6672,6691,-168,-2.45%,5263,6691,5415,-,-,7640,6672
1998/12/17,TX,199902,6770,6900,6702,6705,-,-,73,6705,41,-,-,6900,6702
1998/12/17,TX,199903,6780,6867,6700,6700,-179,-2.60%,89,6700,400,-,-,8242,6265
1998/12/17,TX,199906,6666,6666,6666,6666,-174,-2.54%,1,6672,33,-,-,7560,6251
1998/12/17,TX,199909,6702,6751,6666,6666,-66,-0.98%,3,6564,12,-,-,7600,6666
1998/12/18,TX,199901,6750,6830,6660,6769,78,1.17%,5258,6769,5775,-,-,7640,6660
1998/12/18,TX,199902,6868,6868,6655,6770,65,0.97%,91,6770,88,-,-,6900,6655
1998/12/18,TX,199903,6715,6800,6651,6768,68,1.01%,52,6768,393,-,-,8242,6265
1998/12/18,TX,199906,6672,6777,6654,6710,38,0.57%,6,6681,33,-,-,7560,6251
1998/12/18,TX,199909,6798,6798,6798,6798,234,3.56%,1,6732,12,-,-,7600,6666
1998/12/19,TX,199901,6759,6759,6588,6612,-157,-2.32%,4491,6612,6064,-,-,7640,6588
1998/12/19,TX,199902,6770,6770,6620,6626,-144,-2.13%,67,6626,111,-,-,6900,6620
1998/12/19,TX,199903,6768,6768,6640,6640,-128,-1.89%,64,6640,409,-,-,8242,6265
1998/12/19,TX,199906,6681,6681,6600,6600,-81,-1.21%,6,6525,33,-,-,7560,6251
1998/12/19,TX,199909,6605,6605,6605,6605,-127,-1.89%,1,6575,13,-,-,7600,6605
1998/12/21,TX,199901,6660,6747,6650,6705,93,1.41%,3869,6705,6177,-,-,7640,6588
1998/12/21,TX,199902,6675,6747,6666,6709,83,1.25%,53,6709,134,-,-,6900,6620
1998/12/21,TX,199903,6650,6730,6650,6682,42,0.63%,47,6682,407,-,-,8242,6265
1998/12/21,TX,199906,-,-,-,-,-,-,-,6618,33,-,-,7560,6251
1998/12/21,TX,199909,6689,6788,6689,6788,213,3.24%,4,6750,13,-,-,7600,6605
1998/12/22,TX,199901,6749,6950,6732,6940,235,3.50%,4617,6940,6053,-,-,7640,6588
1998/12/22,TX,199902,6749,6948,6721,6948,239,3.56%,133,6948,136,-,-,6948,6620
1998/12/22,TX,199903,6720,6920,6720,6920,238,3.56%,100,6920,423,-,-,8242,6265
1998/12/22,TX,199906,6780,6850,6780,6850,232,3.51%,2,6780,32,-,-,7560,6251
1998/12/22,TX,199909,6750,6890,6750,6890,140,2.07%,5,6890,11,-,-,7600,6605
1998/12/23,TX,199901,6920,6930,6820,6835,-105,-1.51%,3868,6835,6515,-,-,7640,6588
1998/12/23,TX,199902,6998,6998,6850,6870,-78,-1.12%,151,6870,154,-,-,6998,6620
1998/12/23,TX,199903,6930,6930,6807,6823,-97,-1.40%,70,6833,426,-,-,8242,6265
1998/12/23,TX,199906,6900,6900,6850,6850,70,1.03%,5,6675,34,-,-,7560,6251
1998/12/23,TX,199909,6830,6830,6820,6820,-70,-1.02%,2,6785,10,-,-,7600,6605
1998/12/24,TX,199901,6920,6949,6835,6840,5,0.07%,3801,6840,6792,-,-,7640,6588
1998/12/24,TX,199902,6910,6949,6850,6879,9,0.13%,125,6879,211,-,-,6998,6620
1998/12/24,TX,199903,6850,6929,6840,6846,13,0.19%,64,6860,432,-,-,8242,6265
1998/12/24,TX,199906,6880,6880,6860,6875,200,3.00%,3,6803,35,-,-,7560,6251
1998/12/24,TX,199909,6860,6860,6860,6860,75,1.11%,1,6800,10,-,-,7600,6605
1998/12/28,TX,199901,6789,6789,6550,6591,-249,-3.64%,4403,6591,6569,-,-,7640,6550
1998/12/28,TX,199902,6825,6825,6581,6620,-259,-3.77%,206,6620,234,-,-,6998,6581
1998/12/28,TX,199903,6815,6815,6561,6608,-252,-3.67%,87,6608,452,-,-,8242,6265
1998/12/28,TX,199906,6615,6615,6531,6531,-272,-4.00%,2,6531,34,-,-,7560,6251
1998/12/28,TX,199909,-,-,-,-,-,-,-,6523,10,-,-,7600,6605
1998/12/29,TX,199901,6530,6645,6480,6630,39,0.59%,3876,6630,6782,-,-,7640,6480
1998/12/29,TX,199902,6601,6670,6505,6647,27,0.41%,265,6647,294,-,-,6998,6505
1998/12/29,TX,199903,6561,6670,6511,6644,36,0.54%,63,6644,455,-,-,8242,6265
1998/12/29,TX,199906,6549,6549,6500,6520,-11,-0.17%,4,6581,34,-,-,7560,6251
1998/12/29,TX,199909,6650,6650,6580,6580,57,0.87%,2,6561,10,-,-,7600,6580
1998/12/30,TX,199901,6649,6720,6581,6608,-22,-0.33%,4600,6608,7527,-,-,7640,6480
1998/12/30,TX,199902,6616,6739,6600,6625,-22,-0.33%,314,6625,388,-,-,6998,6505
1998/12/30,TX,199903,6680,6716,6625,6625,-19,-0.29%,51,6625,467,-,-,8242,6265
1998/12/30,TX,199906,6730,6730,6570,6621,40,0.61%,3,6630,34,-,-,7560,6251
1998/12/30,TX,199909,-,-,-,-,-,-,-,6562,10,-,-,7600,6580
1998/12/31,TX,199901,6669,6680,6531,6531,-77,-1.17%,3173,6531,7885,-,-,7640,6480
1998/12/31,TX,199902,6655,6670,6570,6570,-55,-0.83%,223,6570,463,-,-,6998,6505
1998/12/31,TX,199903,6655,6660,6560,6560,-65,-0.98%,49,6560,489,-,-,8242,6265
1998/12/31,TX,199906,6639,6650,6555,6555,-75,-1.13%,6,6555,38,-,-,7560,6251
1998/12/31,TX,199909,-,-,-,-,-,-,-,6572,10,-,-,7600,6580
